{"cameraMode":{"drawMode":0,"name":"Shaded","section":"Shading Mode"},"sceneLighting":true,"audioPlay":false,"sceneViewState":{"m_AlwaysRefresh":false,"showFog":true,"showSkybox":true,"showFlares":true,"showImageEffects":true,"showParticleSystems":true,"showVisualEffectGraphs":true,"m_FxEnabled":true},"in2DMode":false,"pivot":{"x":-0.6442675590515137,"y":-0.48102355003356936,"z":-0.36628055572509768},"rotation":{"x":-0.2813069522380829,"y":-0.36398857831954958,"z":0.11631502956151962,"w":-0.8802643418312073},"size":1.4704018831253052,"orthographic":true}